id,brand,mpn
a6b2a559-d9fb-4e42-be5c-92fab1e95a85,Ethnicraft,21718
cc624701-aba4-41e8-bb37-b62e797484f4,Ethnicraft,21719
ddef5878-ddfc-4b6d-b883-665a9f47df74,Ethnicraft,21036
e5284162-3a9d-4254-8e1e-5734c7a56831,Ethnicraft,21034
f5b652aa-1c96-4b4f-97a9-599215d22bbd,Ethnicraft,21035
14b6362d-8a03-4120-8ddd-722cee2b450c,Ethnicraft,21039
3190958c-6dd2-46b4-a088-4cb27fb37c24,Ethnicraft,21037
6562711a-e544-4926-865b-cde45a767bc2,Ethnicraft,21071
1d0a9e4e-1b63-4d8d-b156-02c762748a84,Ethnicraft,21070
d24e3d50-dd71-4739-92a5-660a1add9d87,Ethnicraft,21069
6bd8ec65-fd48-4a61-9377-8ee50c086b3a,Ethnicraft,21026
31167b67-646a-418c-9e5b-80695d011ceb,Ethnicraft,21047
671f4022-8a73-4c80-95a7-bee339c93d94,Ethnicraft,21051
6029510b-46d2-404b-a400-1c812f7faddb,Ethnicraft,21050
ecd17dee-4fcc-4b1e-b51b-c23912ab7433,Ethnicraft,20403
a0e09713-fd22-4fe6-bcdc-fa4ce9aff6bc,Ethnicraft,20305
dbc31c63-238e-4083-9177-18af65e7590e,Ethnicraft,20371
51f0a680-7053-40ea-b8fc-a4c8d65d6de5,Ethnicraft,20437
a91b5ae1-9ef3-4ab7-b00f-d82a95ca4751,Ethnicraft,20932
d18ec829-6b90-4940-8b38-d24c86b7fd60,Ethnicraft,20407
505c6492-4907-40e4-8305-4dac82509bf5,Ethnicraft,20440
a7b86578-aeb5-46a2-8d06-6c7a6e872849,Ethnicraft,20439
daba2449-486b-423a-a37d-61607f9c9b45,Ethnicraft,20315
1ce9929c-71d2-4696-a51e-333c5f55277d,Ethnicraft,20936
cbd10213-febb-48be-8eb9-23d4c5cc2027,Ethnicraft,20938
d7886a0e-dd3a-4dcc-8aa4-358bc29c9d78,Ethnicraft,20316
ed462e72-2318-4581-9739-65a307695263,Ethnicraft,20940
a6eaa5cf-081f-41ba-ad6b-5761a6df3ba5,Ethnicraft,20317
7c185d0c-bd8a-46f2-a308-a46ea6a5e6a1,Ethnicraft,20917
c5189ef1-3e35-4afb-b26c-2f2f39c552eb,Ethnicraft,20916
f6f5556e-79cb-4218-815e-19675b14aea0,Ethnicraft,20538
1d55d33f-7d05-4632-8453-1fcf494d66df,Ethnicraft,20539
c9ac96de-b4b1-4e2b-bb9d-63ebb4cb1159,Ethnicraft,20541
d3e259de-3faa-4ea0-8e60-f7d611661438,Ethnicraft,20542
13e38fdf-6ee5-4205-8bc6-4da97414e30b,Ethnicraft,20941
4ed868cb-6aab-4fdb-b8ec-5c32b5099fa5,Ethnicraft,20702
e39debe1-5e57-4e79-b54c-ebc9de8866bb,Ethnicraft,20703
25646d4a-ddf0-4b27-8de4-0c2254f52bea,Ethnicraft,20726
44ec4450-fd37-4a66-9a9f-8d924e0bdf1f,Ethnicraft,20704
a58cad27-ff2c-4e51-9b89-7bd3f1bb5e87,Ethnicraft,20602
5556367f-a661-4d25-9812-8d13d7382d54,Ethnicraft,20600
4a38a603-77b8-49d3-a345-708aeb387faa,Baobab Collection,
bdc82bc2-ea2f-40b4-a66f-3fb3dd8bf125,Baobab Collection,
1285d50d-ebd7-4d3b-8e0a-d9e0a500c6d6,Baobab Collection,
0246091b-ec3e-4e77-9eb6-d1b8ec4ee450,Baobab Collection,MAX10PB
57a4961a-70d6-4582-a59d-b7e622a91530,Baobab Collection,MAX16PB
67e31add-4bfc-4552-bb2d-0c3060a486fa,Baobab Collection,MAX24PB
e2010f65-992f-4e86-9d55-d4da0858b656,Baobab Collection,MAX10SMA
a94b8101-1a13-4992-a4a5-6ad8bdf23a50,Baobab Collection,MAX16SMA
b1c5bbc9-338c-4a0e-a321-dae6bb05f701,Baobab Collection,MAX24SMA
99055931-5238-4d5b-a8dd-dcc2b4d533f8,Baobab Collection,MAX35SMA
6457fc12-b2af-4c3d-8a90-616b09c9eb01,Baobab Collection,MAX10PLA
90c27129-a463-4d6d-a723-093db6346a4a,Baobab Collection,MAX16PLA
37237253-af27-4fc7-a8ae-03ff472ba0c5,Baobab Collection,MAX10CY
3254aad7-11f7-4ab8-bfa2-11985124f224,Baobab Collection,MAX16CY
0883fc23-170f-4169-9f12-15ccc5b373af,Baobab Collection,MAX10FT
dfe70c0c-3d8f-41e4-97c8-d78c92481f29,Baobab Collection,MAX16FT
ea9e0946-bb5f-4d00-9349-f3838ee41045,Baobab Collection,MAX10EDS
2d50fd2d-3665-49d2-9ef6-d1f7096d1dbb,Baobab Collection,MAX16EDS
b3f0b943-696d-402b-a4a3-6b3bd64c58a6,Baobab Collection,MAX24EDS
15449cba-9485-4134-964b-19f9badfa536,Baobab Collection,MAX10SLA
29587fa8-07dd-4b02-9d4b-cbe72ed518b4,Baobab Collection,MAX16SLA
af6c0388-604c-4019-be1e-4239b135cc5d,Baobab Collection,MAX24SLA
1f692937-5e58-437a-a944-c93a753e4c79,Baobab Collection,MAX10PD
f9f0fd44-e10e-401f-864c-2cf7ac5b7aee,Baobab Collection,MAX16PD
0a0a8e25-b55e-4e98-99fc-d4a783317ff8,Baobab Collection,MAX10EDC
b6c91c45-2fb4-4456-9352-4197de089d03,Baobab Collection,MAX16EDC
b1c07d5b-7c9a-4132-9d4f-99cf115459ce,Baobab Collection,MAX10SP
c7dc7aa5-4f81-4470-8554-d7625a4da02f,Baobab Collection,MAX10NH
14baf3d2-8b7b-43e3-9069-b30b1d095624,Baobab Collection,MAX16NH
d1d4f07b-6ce7-41b5-ad6b-be0ec32f47b4,Baobab Collection,MAX24NH
f74dd52f-a782-4658-9fa2-d67e5f9f0742,Baobab Collection,TOTEMNV250
018a7774-6024-44d6-992a-7d5932e1af42,Baobab Collection,TOTEMXSSMA
99f76155-9425-4392-ad76-3676e6be367c,Baobab Collection,TOTEMXSAU
4b899873-275d-46d1-9e11-8f19d8c6280c,Baobab Collection,TOTEMXSCYP
8e528046-afc0-415e-91bf-60990654305d,Baobab Collection,TOTEMXSFT
ea1452da-4ea8-4996-b20d-383e3c1683ad,Baobab Collection,TOTEMXSBP
d392855f-0111-47ce-b3d9-0eb9577e6627,Baobab Collection,REF1000PB
0b050659-e871-4796-9763-7c9887b67651,Baobab Collection,REF1000SMA
5ae6316b-aaed-4289-9d6b-fae1b2378290,Baobab Collection,REF1000NHO
f095c9ad-ac8e-4995-9174-7932a94d261b,Baobab Collection,REF1000FT
2228796b-5d25-4d04-8664-11109e686b42,Baobab Collection,REF1000AU
8dc0bd4f-8f2a-40e5-bbfc-2736e78d5be6,Baobab Collection,REF1000CYP
60685f30-d405-4a10-8c00-97ac0d0a3a70,Baobab Collection,LODSTICKS30BL
5683cbb8-0761-4ba6-b977-674e1c99be15,Ethnicraft,20790
0b1023f3-f865-4f0c-9e98-24d0e2331d9e,Ethnicraft,20706
0dc0b7b7-a7e3-44c8-9051-ba6ff194c305,Ethnicraft,20720
28865502-ffa6-4228-90ff-c5b0acb7045f,Ethnicraft,20369
fa92dc17-7293-4ece-9041-9e9ba60922c5,Ethnicraft,20469
ba603d13-1efb-4ba0-b32c-87965f839041,Ethnicraft,20468
9647a231-bb56-4499-9e0b-0f9114b86566,Ethnicraft,20923
ed23f578-f4fd-488e-bfdb-c7bb6257923d,Ethnicraft,20929
e75bfeff-18f8-438e-9629-5ade599385ee,Ethnicraft,20922
ca093885-e3db-4248-abea-086f5fc22131,Ethnicraft,20927
25758acc-d2b6-40e3-b687-b2188c6ef5bb,Ethnicraft,20398
fd1ede0e-9706-442c-9478-4261f1092e8f,Ethnicraft,21700
27797b58-4195-42d5-bce9-e77b48c706eb,Ethnicraft,21701
48d78f0e-cbbe-4f59-8630-539a2d658603,Ethnicraft,21703
8410cd19-76b5-466e-8532-552990584140,Ethnicraft,21704
4e2ee932-ba65-4822-bd94-c3d33eebf4dc,Ethnicraft,21713
6b1f68ec-1bc9-46ea-8641-258317df87b4,Ethnicraft,21714
8c400500-27f1-41b3-8f95-b8092b97e076,Hypsoé,
830d4c7b-58df-4058-818e-8c01f05f9a95,Hypsoé,
7066ea77-2c54-44ef-9f13-cddd32274a55,Hypsoé,
ef038a19-c406-4cf0-b592-3618d5e5a0ce,Hypsoé,
2460637e-490d-4b37-be8c-58777d166b71,Hypsoé,
2555d3e6-441c-4455-a253-5a00edf1e19a,Hypsoé,
31068bd4-ded4-493f-8ec6-f0317712905a,Hypsoé,
b86e3b1a-f366-45a9-8720-627e70c52599,Hypsoé,
d627d600-1aec-4af3-bc67-3346fbc1664e,Hypsoé,
2f9bc3d5-b89a-4fe4-9f97-e63a1511f75d,Hypsoé,
335e96fe-749b-40ab-a54f-15588742dfdd,Hypsoé,
843d0806-0816-46ff-8b14-1d42dec41236,Hypsoé,
9c040095-530f-4bbf-ba4f-2ba118a66fb4,Hypsoé,
21e60919-e333-48e0-9636-900bfe9e711b,Hypsoé,
2015f0e3-bab3-4349-b4cc-a3b2022005ba,Hypsoé,
00344e94-137d-4fee-ac29-dbebfebd1c93,Hypsoé,
d2b56cc8-f043-4cf1-a7eb-48e62929189d,Hypsoé,
9f6adc63-e19a-40a5-a193-e409acbedd46,Hypsoé,
a7f00113-ce4b-4f2b-8349-8099913c3881,Hypsoé,
fde203d2-caac-4a1e-9feb-5bb152a2cef9,Hypsoé,
1059789c-c6cf-412d-833c-6becef2c2421,Hypsoé,
b0ff2cd7-dbb1-4692-a6cc-a599fd735a9d,Hypsoé,
8f591a57-a991-4bb8-b1b7-5c3d9bafaad5,Hypsoé,
45b3d09e-9c31-44ec-8fba-3019e640bd7b,Hypsoé,
e241c8aa-93e1-41ac-875d-54c6c57094a3,Hypsoé,
64308497-2d97-4bf5-a321-92531cb8aed0,Hypsoé,
99be1823-2b24-4b95-b2de-fe49e195d8b7,Hypsoé,
f40d3e50-c2ce-4277-9e28-7e9b90579318,Hypsoé,
dc4e5d3b-138b-4872-8d4e-f99e80155fc3,Hypsoé,
9edb76ba-a540-444d-80b6-39082db5e26e,Hypsoé,
3dcfdad5-4ce1-4d76-8ea2-3923cbeb0610,Hypsoé,
4de52aee-b397-4678-b0e4-f5846cd12b6f,Hypsoé,
cad26f16-ea83-42ab-bbe9-9b4bb1462720,Hypsoé,
d724ee76-080f-4504-94f0-f45311e6b47a,Hypsoé,
ec51efe3-3088-4ec8-803d-e47aebfb5840,Hypsoé,
9156fadc-8870-49c9-b918-95af389e63b7,Evelyne Prélonge,
516aa0ba-c859-4f7b-bbce-2908e8ed2318,Evelyne Prélonge,
e20bdff8-c0db-4731-95bf-d0e1a04335b2,Evelyne Prélonge,
dd4b12a2-65b4-4537-84e0-0e1604eda99a,Evelyne Prélonge,
5ac92363-b9e9-4d70-be12-d13a2ca87718,Evelyne Prélonge,
08e89f1a-5448-4538-9680-d0d39be20da7,Evelyne Prélonge,
9bd1a112-493d-4629-9db9-47c3448a1809,Evelyne Prélonge,
8475a93c-cb93-4e50-a8e2-5529daed4d9c,Evelyne Prélonge,
96d4fefb-fa3b-46e3-b8f2-03e0d609ded0,Evelyne Prélonge,
37ccce56-0e31-4d3c-92a4-fe627e847d2d,Evelyne Prélonge,
3cd22440-6660-48a8-9045-5f001d23bd1a,Evelyne Prélonge,
f5e2c825-aa91-4c0c-b51f-0734f0d27a2d,Evelyne Prélonge,
a3048fc1-3aab-433a-8a5f-9e16166a1d47,Evelyne Prélonge,
4f1de1d9-3725-4798-b15a-589e65b15f7f,Evelyne Prélonge,
80f00b3a-1766-4452-af2b-01aa4a934678,Evelyne Prélonge,
41d136ed-084b-4102-8bfa-af65f8347d06,Evelyne Prélonge,
e3f8bc91-4b7e-4a92-86ba-1c7af8775a3b,Evelyne Prélonge,
6b74a49f-aca2-42eb-a838-e00159f0525d,Evelyne Prélonge,
c9926d73-157b-49bb-acfe-a833bf95fc4c,Evelyne Prélonge,
ad11dac7-e0d1-4fa2-b785-977a02cd1d5c,Evelyne Prélonge,
2574aa2d-79c6-4906-8be5-509f50659289,Evelyne Prélonge,
35efbcb1-1f09-4418-8418-03974b34ca25,Evelyne Prélonge,
0315400b-bc96-48c7-9675-0d83fde56573,Evelyne Prélonge,
67f82d6d-d8de-40ba-9d91-9c075ac7a107,Evelyne Prélonge,
5d47f0b9-fd70-46d9-851e-611bbe8b0c71,Evelyne Prélonge,
fecb3aab-a6fa-464a-a191-546479baeb2a,Evelyne Prélonge,
a13a0520-9459-4c11-bcfd-e911a08bcf14,Evelyne Prélonge,
673bfd5e-fe9f-49cc-9bd6-be76d283100c,Evelyne Prélonge,
5b3ed3f3-da0a-43bb-bf12-2526b658f50f,Evelyne Prélonge,
b562b241-5bf9-43df-b1a9-a6b986d4649c,Evelyne Prélonge,
a7e32270-0cf1-479d-9283-b4f742be63c2,Evelyne Prélonge,
c4fba76c-fd96-4472-82a7-b6bfdf30b994,Evelyne Prélonge,
6faa42b1-276c-451e-9eb3-258ab9a3e0b4,Evelyne Prélonge,
482d2c34-6b6c-44c7-90d7-edaef1bf27b2,Evelyne Prélonge,
ac12b611-5455-4c51-8b7e-6e19de434b6b,Evelyne Prélonge,
39e0582f-3ec9-4b29-a7e9-82e70bebcfc7,Evelyne Prélonge,
afb13af4-9b6d-4767-9cfc-30ddd2b30cde,Evelyne Prélonge,
318f3391-dc17-49a7-8d91-aa366faaa26d,Evelyne Prélonge,
79598ae0-4781-462a-a1f5-7a292a1cd8bb,Evelyne Prélonge,
0cc4f593-bae7-4379-b710-e17babfae1ae,Evelyne Prélonge,
972f88f4-e2fb-4025-b4b7-a45e43677385,Evelyne Prélonge,
87e7dc0f-4ee8-465f-bc98-d4584df04e83,Evelyne Prélonge,
fbd16147-7c3e-488a-ab4b-d9ed2275e0a6,Evelyne Prélonge,
a56ad5cd-ff83-4e64-88af-40308322af07,Evelyne Prélonge,
2dd8b77b-f21d-4cb9-b4fb-0f122a6977d5,Evelyne Prélonge,
c9342522-7255-4725-a6f5-abfb93d8f8e7,Evelyne Prélonge,
737d7246-b784-4acf-9463-405e8fbf16f7,Evelyne Prélonge,
330757fd-facb-499a-b4bb-b90c46fb7936,Evelyne Prélonge,
3fad358b-739b-4f5f-b134-ad7a9b052ec4,Evelyne Prélonge,
831862b7-d04d-4c51-9f6f-014d94717754,Evelyne Prélonge,
f06befad-442e-466c-960b-6b2b2b28d3d2,Evelyne Prélonge,
4e9b1a53-ac11-4de8-998c-e673d99ff8a0,Evelyne Prélonge,
5f2ee1b6-6795-47ad-aa54-47c3d08105a2,Evelyne Prélonge,
333250d8-6f70-4447-a583-e67ba7aacbaa,Evelyne Prélonge,
432c42d0-cc3b-47b7-b360-c1ef98ca17d7,Evelyne Prélonge,
bac72320-1635-4438-b160-15014ce30abb,Evelyne Prélonge,
3f974e11-123c-4948-8ff9-ede1b04a3d46,Evelyne Prélonge,
77dafcc0-e1e9-494f-9c7f-9f7c9ba61d11,Apotheca,
8f9c70da-27a1-45f5-ad3d-598c83370fc4,Apotheca,
fb1360bd-6b40-47fa-a20f-e98681a25f22,Apotheca,
f4466918-baf0-4b93-805b-1ec92b4b28d7,Apotheca,
bef669fe-1210-45eb-a225-dee4560a7289,Apotheca,
26df3c84-db19-420e-856e-c9524473b6aa,Apotheca,
925eeb17-be46-45ad-8a73-94aaae95ae3c,Apotheca,
ccb67084-f0ee-4404-acaf-8fad8d4ab0fe,Apotheca,
95fca374-6b82-4deb-a252-2271b824cf1f,Apotheca,
0a2d46c6-d963-4ee5-a7a3-886aeb09369a,Apotheca,
4d921c37-f1c3-4600-b55d-c53f4c2e04fd,Hypsoé,
8bda158b-87a8-4f44-bcf7-7a842269a7d8,Baobab Collection,MAX08MNY
0ddbbeac-fd75-46c8-8bca-6b10b91ed2f5,Baobab Collection,MAX08MAU
1a2e04af-974e-4bd1-89da-e799b764ab25,Baobab Collection,MAX08MPA
78767d39-9d0a-4b2d-b709-1e30c18266f2,Baobab Collection,MAX08MPLA
1b40a556-010a-4922-a613-c148bf70747f,Baobab Collection,MAX08MCMI
8280c200-e9ec-4704-ae78-a1d179278207,Baobab Collection,MAX08MCOD
a06be5a7-05b0-42ee-baf2-f4b75fca330f,Baobab Collection,MAX08MBRU
55fae944-1355-4790-baf5-ab0fdc73d691,Baobab Collection,MAX10RFA
77d15f6f-3b2a-408c-b665-821cdc7bcf3a,Baobab Collection,MAX16RFA
8a10e234-56c4-4e6a-9685-b238622855a6,Ethnicraft,20939
ea7553eb-3030-46e4-9925-90e4d130a81b,Baobab Collection,MAX10AU
0aa658ca-27a4-46b6-93c5-8da7324ddf96,Baobab Collection,MAX16AU
9b54c508-a5ec-4722-bcea-78629e52b002,Ethnicraft,21038
2d64c538-f4a9-4d14-86ff-356324fa4db0,Hypsoé,
c5b90675-0387-41c7-a598-8adf250bbc0f,Hypsoé,
13cd6794-a094-4a59-8f93-5cfc6e922599,Hypsoé,
770deaf0-154d-4ad8-b560-d779f3517101,Hypsoé,
cdfb0011-c541-4e36-9e9d-b86af00aa4de,Evelyne Prélonge,
eeaea0ea-9849-4247-8726-de06755749b6,Hypsoé,
9b111dd3-aba7-4bf6-9b87-3b4c53e2e297,Hypsoé,
63feaa0d-18c8-4d65-b2f3-312d17aa43f9,Hypsoé,
6819c533-e5ea-4f48-8497-d29b900a7ec1,Hypsoé,
7021e9a6-d07d-4876-bc0b-9d7609931265,Hypsoé,
37cf2f25-3179-4558-a4d4-476541587ed1,Hypsoé,
1d0aba6c-1c2b-4301-84c1-ff665b164616,Hypsoé,
227bc42d-c52f-42e5-bb88-6afe07130ac2,Hypsoé,
